Seq,Level,COBOLFieldName,GroupPath,PICClause,Usage,ByteLength,DecimalDigits,Signed,StartOffset,EndOffset,DefaultValue,88LevelConditions,ProposedCSharpType,FieldKind,Confidence,Notes
1,1,OMGPR,,,,,,,,,,,,Group,CONFIRMED,
2,2,OMGPR-C,OMGPR,,,,,,,,,,,Group,CONFIRMED,
3,10,OMGPR-PRC-INPUT-FIELDS,OMGPR > OMGPR-C,,,,,,,,,,,Group,CONFIRMED,
4,15,OMGPR-I-DIVISION,OMGPR > OMGPR-C > OMGPR-PRC-INPUT-FIELDS,X(2),DISPLAY,2,,N,1,2,SPACE,,string,Leaf,CONFIRMED,
5,15,OMGPR-S-ACCOUNT,OMGPR > OMGPR-C > OMGPR-PRC-INPUT-FIELDS,X(6),DISPLAY,6,,N,3,8,SPACE,,string,Leaf,CONFIRMED,
6,15,OMGPR-I-VENDOR,OMGPR > OMGPR-C > OMGPR-PRC-INPUT-FIELDS,X(4),DISPLAY,4,,N,9,12,SPACE,,string,Leaf,CONFIRMED,
7,15,OMGPR-I-VND-PRODUCT,OMGPR > OMGPR-C > OMGPR-PRC-INPUT-FIELDS,X(8),DISPLAY,8,,N,13,20,SPACE,,string,Leaf,CONFIRMED,
8,15,OMGPR-Q-ORD-LIN-ORDERED,OMGPR > OMGPR-C > OMGPR-PRC-INPUT-FIELDS,S9(7),COMP,4,,Y,21,24,ZERO,,int,Leaf,INFERRED,7-digit PIC S9(7) COMP: byte length shown uses mainframe fullword sizing (4 bytes). A native/minimal binary sizing convention (e.g. Micro Focus COMP) would give 3 bytes instead. Compiler/platform not confirmed from the copybook alone -- see data dictionary notes.
9,15,OMGPR-C-ORD-LIN-CUST-UOM,OMGPR > OMGPR-C > OMGPR-PRC-INPUT-FIELDS,X(2),DISPLAY,2,,N,25,26,SPACE,,string,Leaf,CONFIRMED,
10,15,OMGPR-C-SHIP-TO-SUFFIX,OMGPR > OMGPR-C > OMGPR-PRC-INPUT-FIELDS,X(3),DISPLAY,3,,N,27,29,SPACE,,string,Leaf,CONFIRMED,
11,15,OMGPR-C-BILL-TO-SUFFIX,OMGPR > OMGPR-C > OMGPR-PRC-INPUT-FIELDS,X(3),DISPLAY,3,,N,30,32,SPACE,,string,Leaf,CONFIRMED,
12,15,OMGPR-D-PRICING,OMGPR > OMGPR-C > OMGPR-PRC-INPUT-FIELDS,X(10),DISPLAY,10,,N,33,42,SPACE,,string,Leaf,CONFIRMED,
13,15,OMGPR-CUST-TYPE,OMGPR > OMGPR-C > OMGPR-PRC-INPUT-FIELDS,X(01),DISPLAY,1,,N,43,43,SPACE,OMGPR-ECOMMERCE-PRICING='Y',string,Leaf+88,CONFIRMED,
14,15,OMGPR-CREDIT-ACCT-ORDER,OMGPR > OMGPR-C > OMGPR-PRC-INPUT-FIELDS,X(1),DISPLAY,1,,N,44,44,SPACE,,string,Leaf,CONFIRMED,
15,15,OMGPR-JIT-DATA,OMGPR > OMGPR-C > OMGPR-PRC-INPUT-FIELDS,,,,,,,,,,,Group,CONFIRMED,
16,20,OMGPR-JIT-PRICING-FIELDS,OMGPR > OMGPR-C > OMGPR-PRC-INPUT-FIELDS > OMGPR-JIT-DATA,,,,,,,,,,,Group,CONFIRMED,
17,25,OMGPR-JIT-SERVICE-FEE,OMGPR > OMGPR-C > OMGPR-PRC-INPUT-FIELDS > OMGPR-JIT-DATA > OMGPR-JIT-PRICING-FIELDS,X(1),DISPLAY,1,,N,45,45,SPACE,OMGPR-ADD-TO-ADJ-COST='C'; OMGPR-ADD-TO-REG-PRICE='P'; OMGPR-SHOW-ADJ-COST='A'; OMGPR-SHOW-REG-PRICE='R',string,Leaf+88,CONFIRMED,
18,25,OMGPR-JIT-FEE-BREAK-OUT-SW,OMGPR > OMGPR-C > OMGPR-PRC-INPUT-FIELDS > OMGPR-JIT-DATA > OMGPR-JIT-PRICING-FIELDS,X(1),DISPLAY,1,,N,46,46,SPACE,OMGPR-FEE-BREAK-OUT='Y',string,Leaf+88,CONFIRMED,
19,25,OMGPR-JIT-SERVICE-FEE-PCT,OMGPR > OMGPR-C > OMGPR-PRC-INPUT-FIELDS > OMGPR-JIT-DATA > OMGPR-JIT-PRICING-FIELDS,S9(1)V9(4),COMP-3,3,4,Y,47,49,ZERO,,decimal,Leaf,CONFIRMED,
20,25,OMGPR-JIT-LABEL-CHRG-TYPE,OMGPR > OMGPR-C > OMGPR-PRC-INPUT-FIELDS > OMGPR-JIT-DATA > OMGPR-JIT-PRICING-FIELDS,X(1),DISPLAY,1,,N,50,50,SPACE,OMGPR-LABEL-RATE-PER-ITEM='I'; OMGPR-PCT-PER-LABEL='P'; OMGPR-RATE-PER-LABEL='R',string,Leaf+88,CONFIRMED,
21,25,OMGPR-JIT-LABEL-CHRG-AMT,OMGPR > OMGPR-C > OMGPR-PRC-INPUT-FIELDS > OMGPR-JIT-DATA > OMGPR-JIT-PRICING-FIELDS,S9(2)V9(4),COMP-3,4,4,Y,51,54,ZERO,,decimal,Leaf,CONFIRMED,
22,25,OMGPR-JIT-APPLY-CHRG-TYPE,OMGPR > OMGPR-C > OMGPR-PRC-INPUT-FIELDS > OMGPR-JIT-DATA > OMGPR-JIT-PRICING-FIELDS,X(1),DISPLAY,1,,N,55,55,SPACE,OMGPR-APPLY-RATE-PER-ITEM='I'; OMGPR-PCT-PER-APPLY='P'; OMGPR-RATE-PER-APPLY='R',string,Leaf+88,CONFIRMED,
23,25,OMGPR-JIT-APPLY-CHRG-AMT,OMGPR > OMGPR-C > OMGPR-PRC-INPUT-FIELDS > OMGPR-JIT-DATA > OMGPR-JIT-PRICING-FIELDS,S9(2)V9(4),COMP-3,4,4,Y,56,59,ZERO,,decimal,Leaf,CONFIRMED,
24,25,OMGPR-JIT-BREAK-CHRG-TYPE,OMGPR > OMGPR-C > OMGPR-PRC-INPUT-FIELDS > OMGPR-JIT-DATA > OMGPR-JIT-PRICING-FIELDS,X(1),DISPLAY,1,,N,60,60,SPACE,OMGPR-PCT-PER-BREAK='P'; OMGPR-RATE-PER-BREAK='R',string,Leaf+88,CONFIRMED,
25,25,OMGPR-JIT-BREAK-CHRG-AMT,OMGPR > OMGPR-C > OMGPR-PRC-INPUT-FIELDS > OMGPR-JIT-DATA > OMGPR-JIT-PRICING-FIELDS,S9(2)V9(4),COMP-3,4,4,Y,61,64,ZERO,,decimal,Leaf,CONFIRMED,
26,25,OMGPR-JIT-LUOM-CHRG-AMT,OMGPR > OMGPR-C > OMGPR-PRC-INPUT-FIELDS > OMGPR-JIT-DATA > OMGPR-JIT-PRICING-FIELDS,S9(2)V9(4),COMP-3,4,4,Y,65,68,ZERO,,decimal,Leaf,CONFIRMED,
27,20,OMGPR-JIT-ITEM-LABEL-SW,OMGPR > OMGPR-C > OMGPR-PRC-INPUT-FIELDS > OMGPR-JIT-DATA,X(1),DISPLAY,1,,N,69,69,SPACE,OMGPR-JIT-ITEM-LABEL='Y',string,Leaf+88,CONFIRMED,
28,20,OMGPR-JIT-ITEM-LABEL-QTY,OMGPR > OMGPR-C > OMGPR-PRC-INPUT-FIELDS > OMGPR-JIT-DATA,S9(5),COMP-3,3,,Y,70,72,ZERO,,int,Leaf,CONFIRMED,
29,20,OMGPR-JIT-ITEM-APPLY-LABEL-SW,OMGPR > OMGPR-C > OMGPR-PRC-INPUT-FIELDS > OMGPR-JIT-DATA,X(1),DISPLAY,1,,N,73,73,SPACE,OMGPR-JIT-ITEM-APPLY-LAB='Y',string,Leaf+88,CONFIRMED,
30,20,OMGPR-JIT-ITEM-BREAK-BULK-SW,OMGPR > OMGPR-C > OMGPR-PRC-INPUT-FIELDS > OMGPR-JIT-DATA,X(1),DISPLAY,1,,N,74,74,SPACE,OMGPR-JIT-ITEM-BREAK-BULK='Y',string,Leaf+88,CONFIRMED,
31,20,OMGPR-ALT-ORD-DATA,OMGPR > OMGPR-C > OMGPR-PRC-INPUT-FIELDS > OMGPR-JIT-DATA,,,,,,,,,,,Group,CONFIRMED,
32,25,OMGPR-ALT-ORD-UM-FOUND-SW,OMGPR > OMGPR-C > OMGPR-PRC-INPUT-FIELDS > OMGPR-JIT-DATA > OMGPR-ALT-ORD-DATA,X(1),DISPLAY,1,,N,75,75,SPACE,OMGPR-ALT-ORD-UM-FOUND='Y',string,Leaf+88,CONFIRMED,
33,25,OMGPR-ALT-ORD-UM,OMGPR > OMGPR-C > OMGPR-PRC-INPUT-FIELDS > OMGPR-JIT-DATA > OMGPR-ALT-ORD-DATA,X(3),DISPLAY,3,,N,76,78,SPACE,,string,Leaf,CONFIRMED,
34,25,OMGPR-ALT-ORD-CONV-FACTOR,OMGPR > OMGPR-C > OMGPR-PRC-INPUT-FIELDS > OMGPR-JIT-DATA > OMGPR-ALT-ORD-DATA,S9(7)V9(8),COMP-3,8,8,Y,79,86,ZERO,,decimal,Leaf,CONFIRMED,
35,20,OMGPR-LABEL-UM-DATA,OMGPR > OMGPR-C > OMGPR-PRC-INPUT-FIELDS > OMGPR-JIT-DATA,,,,,,,,,,,Group,CONFIRMED,
36,25,OMGPR-LABEL-UM-FOUND-SW,OMGPR > OMGPR-C > OMGPR-PRC-INPUT-FIELDS > OMGPR-JIT-DATA > OMGPR-LABEL-UM-DATA,X(1),DISPLAY,1,,N,87,87,SPACE,OMGPR-LABEL-UM-FOUND='Y',string,Leaf+88,CONFIRMED,
37,25,OMGPR-CUST-LABEL-UNIT,OMGPR > OMGPR-C > OMGPR-PRC-INPUT-FIELDS > OMGPR-JIT-DATA > OMGPR-LABEL-UM-DATA,X(3),DISPLAY,3,,N,88,90,SPACE,,string,Leaf,CONFIRMED,
38,25,OMGPR-CUST-LABEL-CONV-FACTOR,OMGPR > OMGPR-C > OMGPR-PRC-INPUT-FIELDS > OMGPR-JIT-DATA > OMGPR-LABEL-UM-DATA,S9(7)V9(8),COMP-3,8,8,Y,91,98,ZERO,,decimal,Leaf,CONFIRMED,
39,15,OMGPR-DATA-FROM-CUP100,OMGPR > OMGPR-C > OMGPR-PRC-INPUT-FIELDS,,,,,,,,,,,Group,CONFIRMED,
40,20,OMGPR-F-AA-VHA-IND,OMGPR > OMGPR-C > OMGPR-PRC-INPUT-FIELDS > OMGPR-DATA-FROM-CUP100,X(1),DISPLAY,1,,N,99,99,SPACE,,string,Leaf,CONFIRMED,
41,20,OMGPR-F-ST-JIT-CUSTOMER,OMGPR > OMGPR-C > OMGPR-PRC-INPUT-FIELDS > OMGPR-DATA-FROM-CUP100,X(1),DISPLAY,1,,N,100,100,SPACE,,string,Leaf,CONFIRMED,
42,20,OMGPR-C-ACCT-ROUNDING,OMGPR > OMGPR-C > OMGPR-PRC-INPUT-FIELDS > OMGPR-DATA-FROM-CUP100,X(1),DISPLAY,1,,N,101,101,SPACE,OMGPR-NO-ROUNDING='N' ' '; OMGPR-NORMAL-TWO-ROUNDING='R'; OMGPR-UP-TWO-ROUNDING='Y',string,Leaf+88,CONFIRMED,
43,20,OMGPR-C-ACCT-PRCE-METHOD,OMGPR > OMGPR-C > OMGPR-PRC-INPUT-FIELDS > OMGPR-DATA-FROM-CUP100,X(2),DISPLAY,2,,N,102,103,SPACE,OMGPR-CONT-PRCE-METHOD='CC'; OMGPR-STOCK-PRCE-METHOD='ST'; OMGPR-USAGE-PRCE-METHOD='AU',string,Leaf+88,CONFIRMED,
44,20,OMGPR-F-AA-FRT-IN,OMGPR > OMGPR-C > OMGPR-PRC-INPUT-FIELDS > OMGPR-DATA-FROM-CUP100,X(1),DISPLAY,1,,N,104,104,SPACE,,string,Leaf,CONFIRMED,
45,20,OMGPR-I-ACCOUNT,OMGPR > OMGPR-C > OMGPR-PRC-INPUT-FIELDS > OMGPR-DATA-FROM-CUP100,S9(8),COMP,4,,Y,105,108,ZERO,,int,Leaf,CONFIRMED,
46,20,OMGPR-I-CUSTOMER,OMGPR > OMGPR-C > OMGPR-PRC-INPUT-FIELDS > OMGPR-DATA-FROM-CUP100,S9(8),COMP,4,,Y,109,112,ZERO,,int,Leaf,CONFIRMED,
47,20,OMGPR-C-BUSINESS,OMGPR > OMGPR-C > OMGPR-PRC-INPUT-FIELDS > OMGPR-DATA-FROM-CUP100,X(2),DISPLAY,2,,N,113,114,SPACE,,string,Leaf,CONFIRMED,
48,20,OMGPR-P-BREAK-BULK,OMGPR > OMGPR-C > OMGPR-PRC-INPUT-FIELDS > OMGPR-DATA-FROM-CUP100,S9(1)V9(4),COMP-3,3,4,Y,115,117,ZERO,,decimal,Leaf,CONFIRMED,
49,20,OMGPR-P-LOW-UOM,OMGPR > OMGPR-C > OMGPR-PRC-INPUT-FIELDS > OMGPR-DATA-FROM-CUP100,S9(1)V9(4),COMP-3,3,4,Y,118,120,,,decimal,Leaf,CONFIRMED,
50,20,OMGPR-F-LUOM-SW,OMGPR > OMGPR-C > OMGPR-PRC-INPUT-FIELDS > OMGPR-DATA-FROM-CUP100,X(01),DISPLAY,1,,N,121,121,,OMGPR-F-LUOM-ACCOUNT='A'; OMGPR-F-LUOM-GROUP='G',string,Leaf+88,CONFIRMED,
51,20,OMGPR-F-BREAK-BULK-SW,OMGPR > OMGPR-C > OMGPR-PRC-INPUT-FIELDS > OMGPR-DATA-FROM-CUP100,X(01),DISPLAY,1,,N,122,122,,OMGPR-F-BREAK-BULK-ACCOUNT='A'; OMGPR-F-BREAK-BULK-GROUP='G',string,Leaf+88,CONFIRMED,
52,20,FILLER,OMGPR > OMGPR-C > OMGPR-PRC-INPUT-FIELDS > OMGPR-DATA-FROM-CUP100,X(01),DISPLAY,1,,N,123,123,,,string,Leaf,CONFIRMED,Reserved/unused space; not consumed by any program logic in upload/.
53,20,OMGPR-F-LUOM-VEND-EXCL,OMGPR > OMGPR-C > OMGPR-PRC-INPUT-FIELDS > OMGPR-DATA-FROM-CUP100,X(01),DISPLAY,1,,N,124,124,,,string,Leaf,CONFIRMED,
54,20,OMGPR-I-BUY-GROUP-LUOM,OMGPR > OMGPR-C > OMGPR-PRC-INPUT-FIELDS > OMGPR-DATA-FROM-CUP100,S9(08),COMP,4,,Y,125,128,,,int,Leaf,CONFIRMED,
55,20,OMGPR-D-BG-LOW-UOM-EFF,OMGPR > OMGPR-C > OMGPR-PRC-INPUT-FIELDS > OMGPR-DATA-FROM-CUP100,X(10),DISPLAY,10,,N,129,138,,,string,Leaf,CONFIRMED,
56,20,OMGPR-F-LUOM-ELIG-SW,OMGPR > OMGPR-C > OMGPR-PRC-INPUT-FIELDS > OMGPR-DATA-FROM-CUP100,X(01),DISPLAY,1,,N,139,139,,,string,Leaf,CONFIRMED,
57,15,OMGPR-DATA-FOR-PACKS,OMGPR > OMGPR-C > OMGPR-PRC-INPUT-FIELDS,,,,,,,,,,,Group,CONFIRMED,
58,20,OMGPR-INPUT-PRODUCT-TYPE,OMGPR > OMGPR-C > OMGPR-PRC-INPUT-FIELDS > OMGPR-DATA-FOR-PACKS,X(01),DISPLAY,1,,N,140,140,,OMGPR-INPUT-OMKIT='O'; OMGPR-INPUT-VENDKIT='S'; OMGPR-INPUT-REGULAR-PROD='R'; OMGPR-INPUT-DEFAULT-PROD=' ',string,Leaf+88,CONFIRMED,
59,20,OMGPR-PRICING-REQ-SW,OMGPR > OMGPR-C > OMGPR-PRC-INPUT-FIELDS > OMGPR-DATA-FOR-PACKS,X(01),DISPLAY,1,,N,141,141,,OMGPR-PRICING-COSTONLY='C'; OMGPR-PRICING-SELLONLY='S'; OMGPR-PRICING-PRICE='P'; OMGPR-JIT-ON-COST='J'; OMGPR-PRICING-DEFAULT=' ',string,Leaf+88,CONFIRMED,
60,20,OMGPR-C-PRODUCT-TYPE,OMGPR > OMGPR-C > OMGPR-PRC-INPUT-FIELDS > OMGPR-DATA-FOR-PACKS,X(1),COMP-3,1,,N,142,142,SPACE.00022100 20 OMGPR-A-OVERHEAD-FEE PIC S9(5)V9(8) VALUE ZERO .00022400 20 OMGPR-A-THIRDPARTY-FEE PIC S9(5)V9(8) VALUE ZERO 00022600 COMPUTATIONAL-3.00022700 20 OMGPR-C-APLY-TRDPTY-BEFMKUP-SW PIC X(01) VALUE SPACES.00022900 15 OMGPR-F-INP-CNT-EXCL-SW PIC X(01) VALUE SPACE,OMGPR-ACT-CNT-EXCL-EXISTS='Y'; OMGPR-ACT-CNT-EXCL-ABSENT='N' ' ',string,Leaf+88,CONFIRMED,
61,15,OMGPR-F-EXEMPT-SANC-FLAG,OMGPR > OMGPR-C > OMGPR-PRC-INPUT-FIELDS,X(01),DISPLAY,1,,N,143,143,,,string,Leaf,CONFIRMED,
62,15,OMGPR-F-EXEMPT-NON-SANC-FLAG,OMGPR > OMGPR-C > OMGPR-PRC-INPUT-FIELDS,X(01),DISPLAY,1,,N,144,144,,,string,Leaf,CONFIRMED,
63,15,OMGPR-F-EXEMPT-IND-FLAG,OMGPR > OMGPR-C > OMGPR-PRC-INPUT-FIELDS,X(01),DISPLAY,1,,N,145,145,,,string,Leaf,CONFIRMED,
64,15,OMGPR-F-EXEMPT-NON-CONT-FLAG,OMGPR > OMGPR-C > OMGPR-PRC-INPUT-FIELDS,X(01),DISPLAY,1,,N,146,146,,,string,Leaf,CONFIRMED,
65,15,OMGPR-F-EXEMPT-CUSTOM-FLAG,OMGPR > OMGPR-C > OMGPR-PRC-INPUT-FIELDS,X(01),DISPLAY,1,,N,147,147,,,string,Leaf,CONFIRMED,
66,15,OMGPR-VAR-I-BUY-GROUP,OMGPR > OMGPR-C > OMGPR-PRC-INPUT-FIELDS,S9(8),COMP,4,,Y,148,151,ZERO,,int,Leaf,CONFIRMED,
67,15,OMGPR-F-SPECIAL-CONTRACT,OMGPR > OMGPR-C > OMGPR-PRC-INPUT-FIELDS,X(01),DISPLAY,1,,N,152,152,,,string,Leaf,CONFIRMED,
68,15,OMGPR-JIT-LUM-FEE-PCT,OMGPR > OMGPR-C > OMGPR-PRC-INPUT-FIELDS,S9(1)V9(4),COMP-3,3,4,Y,153,155,ZERO,,decimal,Leaf,CONFIRMED,
69,15,OMGPR-JIT-EXTRA-DELIV-FEE-PCT,OMGPR > OMGPR-C > OMGPR-PRC-INPUT-FIELDS,S9(1)V9(4),COMP-3,3,4,Y,156,158,ZERO,,decimal,Leaf,CONFIRMED,
70,15,OMGPR-JIT-NON-OM-SLCT-FEE-PCT,OMGPR > OMGPR-C > OMGPR-PRC-INPUT-FIELDS,S9(1)V9(4),COMP-3,3,4,Y,159,161,ZERO,,decimal,Leaf,CONFIRMED,
71,15,OMGPR-CUSTOMER-NBR,OMGPR > OMGPR-C > OMGPR-PRC-INPUT-FIELDS,S9(10),COMP-3,6,,Y,162,167,ZERO,,long,Leaf,CONFIRMED,
72,15,OMGPR-ORDER-TYPE,OMGPR > OMGPR-C > OMGPR-PRC-INPUT-FIELDS,X(1),DISPLAY,1,,N,168,168,SPACE,OMGPR-ORDER-TYPE-STOCK='S' ' ',string,Leaf+88,CONFIRMED,
73,15,OMGPR-A-SURGITRAK-ST,OMGPR > OMGPR-C > OMGPR-PRC-INPUT-FIELDS,S9(7)V9(8),COMP-3,8,8,Y,169,176,0,,decimal,Leaf,CONFIRMED,
74,15,OMGPR-P-SURGITRAK-ST,OMGPR > OMGPR-C > OMGPR-PRC-INPUT-FIELDS,S9(3)V9(4),COMP-3,4,4,Y,177,180,0,,decimal,Leaf,CONFIRMED,
75,15,OMGPR-FEE-SHRT-CODE-ST,OMGPR > OMGPR-C > OMGPR-PRC-INPUT-FIELDS,X(02),DISPLAY,2,,N,181,182,SPACE,,string,Leaf,CONFIRMED,
76,15,OMGPR-SKU-CODE-ST,OMGPR > OMGPR-C > OMGPR-PRC-INPUT-FIELDS,X(04),DISPLAY,4,,N,183,186,SPACE,,string,Leaf,CONFIRMED,
77,15,OMGPR-BILLING-FRQ-ST,OMGPR > OMGPR-C > OMGPR-PRC-INPUT-FIELDS,X(02),DISPLAY,2,,N,187,188,SPACE,OMGPR-DAILY-BILL-ST='DL'; OMGPR-DAILY-BILL-SEP-ST='DS'; OMGPR-MONTHLY-AUTO-BILL-ST='MA'; OMGPR-MONTHLY-MANUAL-BILL-ST='MM',string,Leaf+88,CONFIRMED,
78,15,OMGPR-FEE-TYPE-ST,OMGPR > OMGPR-C > OMGPR-PRC-INPUT-FIELDS,X(01),DISPLAY,1,,N,189,189,SPACE,OMGPR-FEE-PER-LINE-ST='L'; OMGPR-FEE-PER-QTY-ST='Q'; OMGPR-FEE-PER-ORDER-ST='O'; OMGPR-FEE-PCT-SELL-ST='P'; OMGPR-FEE-PCT-COST-ST='C',string,Leaf+88,CONFIRMED,
79,15,OMGPR-A-BREAKBULK-BB,OMGPR > OMGPR-C > OMGPR-PRC-INPUT-FIELDS,S9(7)V9(8),COMP-3,8,8,Y,190,197,0,,decimal,Leaf,CONFIRMED,
80,15,OMGPR-P-BREAKBULK-BB,OMGPR > OMGPR-C > OMGPR-PRC-INPUT-FIELDS,S9(3)V9(4),COMP-3,4,4,Y,198,201,0,,decimal,Leaf,CONFIRMED,
81,15,OMGPR-FEE-SHRT-CODE-BB,OMGPR > OMGPR-C > OMGPR-PRC-INPUT-FIELDS,X(02),DISPLAY,2,,N,202,203,SPACE,,string,Leaf,CONFIRMED,
82,15,OMGPR-SKU-CODE-BB,OMGPR > OMGPR-C > OMGPR-PRC-INPUT-FIELDS,X(04),DISPLAY,4,,N,204,207,SPACE,,string,Leaf,CONFIRMED,
83,15,OMGPR-BILLING-FRQ-BB,OMGPR > OMGPR-C > OMGPR-PRC-INPUT-FIELDS,X(02),DISPLAY,2,,N,208,209,SPACE,OMGPR-DAILY-BILL-BB='DL'; OMGPR-DAILY-BILL-SEP-BB='DS'; OMGPR-MONTHLY-AUTO-BILL-BB='MA'; OMGPR-MONTHLY-MANUAL-BILL-BB='MM',string,Leaf+88,CONFIRMED,
84,15,OMGPR-FEE-TYPE-BB,OMGPR > OMGPR-C > OMGPR-PRC-INPUT-FIELDS,X(01),DISPLAY,1,,N,210,210,SPACE,OMGPR-FEE-PER-LINE-BB='L'; OMGPR-FEE-PER-QTY-BB='Q'; OMGPR-FEE-PER-ORDER-BB='O'; OMGPR-FEE-PCT-SELL-BB='P'; OMGPR-FEE-PCT-COST-BB='C',string,Leaf+88,CONFIRMED,
85,15,OMGPR-A-LUM-FEE-AMT-BB,OMGPR > OMGPR-C > OMGPR-PRC-INPUT-FIELDS,S9(7)V9(8),COMP-3,8,8,Y,211,218,0,,decimal,Leaf,CONFIRMED,
86,15,OMGPR-P-LUM-FEE-PCT-BB,OMGPR > OMGPR-C > OMGPR-PRC-INPUT-FIELDS,S9(3)V9(4),COMP-3,4,4,Y,219,222,0,,decimal,Leaf,CONFIRMED,
87,15,OMGPR-A-APPLY-LAB-AL,OMGPR > OMGPR-C > OMGPR-PRC-INPUT-FIELDS,S9(7)V9(8),COMP-3,8,8,Y,223,230,0,,decimal,Leaf,CONFIRMED,
88,15,OMGPR-P-APPLY-LAB-AL,OMGPR > OMGPR-C > OMGPR-PRC-INPUT-FIELDS,S9(3)V9(4),COMP-3,4,4,Y,231,234,0,,decimal,Leaf,CONFIRMED,
89,15,OMGPR-FEE-SHRT-CODE-AL,OMGPR > OMGPR-C > OMGPR-PRC-INPUT-FIELDS,X(02),DISPLAY,2,,N,235,236,SPACE,,string,Leaf,CONFIRMED,
90,15,OMGPR-SKU-CODE-AL,OMGPR > OMGPR-C > OMGPR-PRC-INPUT-FIELDS,X(04),DISPLAY,4,,N,237,240,SPACE,,string,Leaf,CONFIRMED,
91,15,OMGPR-BILLING-FRQ-AL,OMGPR > OMGPR-C > OMGPR-PRC-INPUT-FIELDS,X(02),DISPLAY,2,,N,241,242,SPACE,OMGPR-DAILY-BILL-AL='DL'; OMGPR-DAILY-BILL-SEP-AL='DS'; OMGPR-MONTHLY-AUTO-BILL-AL='MA'; OMGPR-MONTHLY-MANUAL-BILL-AL='MM',string,Leaf+88,CONFIRMED,
92,15,OMGPR-FEE-TYPE-AL,OMGPR > OMGPR-C > OMGPR-PRC-INPUT-FIELDS,X(01),DISPLAY,1,,N,243,243,SPACE,OMGPR-FEE-PER-LINE-AL='L'; OMGPR-FEE-PER-QTY-AL='Q'; OMGPR-FEE-PER-ORDER-AL='O'; OMGPR-FEE-PCT-SELL-AL='P'; OMGPR-FEE-PCT-COST-AL='C',string,Leaf+88,CONFIRMED,
93,15,OMGPR-FEE-SHRT-CODE-SF,OMGPR > OMGPR-C > OMGPR-PRC-INPUT-FIELDS,X(02),DISPLAY,2,,N,244,245,SPACE,,string,Leaf,CONFIRMED,
94,15,OMGPR-SKU-CODE-SF,OMGPR > OMGPR-C > OMGPR-PRC-INPUT-FIELDS,X(04),DISPLAY,4,,N,246,249,SPACE,,string,Leaf,CONFIRMED,
95,15,OMGPR-BILLING-FRQ-SF,OMGPR > OMGPR-C > OMGPR-PRC-INPUT-FIELDS,X(02),DISPLAY,2,,N,250,251,SPACE,OMGPR-DAILY-BILL-SF='DL'; OMGPR-MONTHLY-AUTO-BILL-SF='MA'; OMGPR-MONTHLY-MANUAL-BILL-SF='MM',string,Leaf+88,CONFIRMED,
96,15,OMGPR-FEE-SHRT-CODE-TS,OMGPR > OMGPR-C > OMGPR-PRC-INPUT-FIELDS,X(02),DISPLAY,2,,N,252,253,SPACE,,string,Leaf,CONFIRMED,
97,15,OMGPR-SKU-CODE-TS,OMGPR > OMGPR-C > OMGPR-PRC-INPUT-FIELDS,X(04),DISPLAY,4,,N,254,257,SPACE,,string,Leaf,CONFIRMED,
98,15,OMGPR-BILLING-FRQ-TS,OMGPR > OMGPR-C > OMGPR-PRC-INPUT-FIELDS,X(02),DISPLAY,2,,N,258,259,SPACE,OMGPR-DAILY-BILL-TS='DL'; OMGPR-MONTHLY-AUTO-BILL-TS='MA'; OMGPR-MONTHLY-MANUAL-BILL-TS='MM',string,Leaf+88,CONFIRMED,
99,15,OMGPR-FEE-SHRT-CODE-GS,OMGPR > OMGPR-C > OMGPR-PRC-INPUT-FIELDS,X(02),DISPLAY,2,,N,260,261,SPACE,,string,Leaf,CONFIRMED,
100,15,OMGPR-SKU-CODE-GS,OMGPR > OMGPR-C > OMGPR-PRC-INPUT-FIELDS,X(04),DISPLAY,4,,N,262,265,SPACE,,string,Leaf,CONFIRMED,
101,15,OMGPR-BILLING-FRQ-GS,OMGPR > OMGPR-C > OMGPR-PRC-INPUT-FIELDS,X(02),DISPLAY,2,,N,266,267,SPACE,OMGPR-DAILY-BILL-GS='DL'; OMGPR-MONTHLY-AUTO-BILL-GS='MA'; OMGPR-MONTHLY-MANUAL-BILL-GS='MM',string,Leaf+88,CONFIRMED,
102,15,OMGPR-FEE-SHRT-CODE-GN,OMGPR > OMGPR-C > OMGPR-PRC-INPUT-FIELDS,X(02),DISPLAY,2,,N,268,269,SPACE,,string,Leaf,CONFIRMED,
103,15,OMGPR-SKU-CODE-GN,OMGPR > OMGPR-C > OMGPR-PRC-INPUT-FIELDS,X(04),DISPLAY,4,,N,270,273,SPACE,,string,Leaf,CONFIRMED,
104,15,OMGPR-BILLING-FRQ-GN,OMGPR > OMGPR-C > OMGPR-PRC-INPUT-FIELDS,X(02),DISPLAY,2,,N,274,275,SPACE,OMGPR-DAILY-BILL-GN='DL'; OMGPR-MONTHLY-AUTO-BILL-GN='MA'; OMGPR-MONTHLY-MANUAL-BILL-GN='MM',string,Leaf+88,CONFIRMED,
105,15,OMGPR-FEE-SHRT-CODE-MI,OMGPR > OMGPR-C > OMGPR-PRC-INPUT-FIELDS,X(02),DISPLAY,2,,N,276,277,SPACE,,string,Leaf,CONFIRMED,
106,15,OMGPR-SKU-CODE-MI,OMGPR > OMGPR-C > OMGPR-PRC-INPUT-FIELDS,X(04),DISPLAY,4,,N,278,281,SPACE,,string,Leaf,CONFIRMED,
107,15,OMGPR-BILLING-FRQ-MI,OMGPR > OMGPR-C > OMGPR-PRC-INPUT-FIELDS,X(02),DISPLAY,2,,N,282,283,SPACE,OMGPR-DAILY-BILL-MI='DL'; OMGPR-MONTHLY-AUTO-BILL-MI='MA'; OMGPR-MONTHLY-MANUAL-BILL-MI='MM',string,Leaf+88,CONFIRMED,
108,15,OMGPR-FEE-SHRT-CODE-MN,OMGPR > OMGPR-C > OMGPR-PRC-INPUT-FIELDS,X(02),DISPLAY,2,,N,284,285,SPACE,,string,Leaf,CONFIRMED,
109,15,OMGPR-SKU-CODE-MN,OMGPR > OMGPR-C > OMGPR-PRC-INPUT-FIELDS,X(04),DISPLAY,4,,N,286,289,SPACE,,string,Leaf,CONFIRMED,
110,15,OMGPR-BILLING-FRQ-MN,OMGPR > OMGPR-C > OMGPR-PRC-INPUT-FIELDS,X(02),DISPLAY,2,,N,290,291,SPACE,OMGPR-DAILY-BILL-MN='DL'; OMGPR-MONTHLY-AUTO-BILL-MN='MA'; OMGPR-MONTHLY-MANUAL-BILL-MN='MM',string,Leaf+88,CONFIRMED,
111,15,OMGPR-FEE-SHRT-CODE-MC,OMGPR > OMGPR-C > OMGPR-PRC-INPUT-FIELDS,X(02),DISPLAY,2,,N,292,293,SPACE,,string,Leaf,CONFIRMED,
112,15,OMGPR-SKU-CODE-MC,OMGPR > OMGPR-C > OMGPR-PRC-INPUT-FIELDS,X(04),DISPLAY,4,,N,294,297,SPACE,,string,Leaf,CONFIRMED,
113,15,OMGPR-BILLING-FRQ-MC,OMGPR > OMGPR-C > OMGPR-PRC-INPUT-FIELDS,X(02),DISPLAY,2,,N,298,299,SPACE,OMGPR-DAILY-BILL-MC='DL'; OMGPR-MONTHLY-AUTO-BILL-MC='MA'; OMGPR-MONTHLY-MANUAL-BILL-MC='MM',string,Leaf+88,CONFIRMED,
114,15,FILLER,OMGPR > OMGPR-C > OMGPR-PRC-INPUT-FIELDS,X(09),DISPLAY,9,,N,300,308,SPACES,,string,Leaf,CONFIRMED,Reserved/unused space; not consumed by any program logic in upload/.
115,10,OMGPR-PRC-OUTPUT-FIELDS,OMGPR > OMGPR-C,,,,,,,,,,,Group,CONFIRMED,
116,15,OMGPR-ERROR-FIELDS,OMGPR > OMGPR-C > OMGPR-PRC-OUTPUT-FIELDS,,,,,,,,,,,Group,CONFIRMED,
117,20,OMGPR-F-PRICER-ERROR,OMGPR > OMGPR-C > OMGPR-PRC-OUTPUT-FIELDS > OMGPR-ERROR-FIELDS,X(1),DISPLAY,1,,N,309,309,SPACE,OMGPR-PRICER-ERROR='Y',string,Leaf+88,CONFIRMED,
118,20,OMGPR-ERROR-MESSAGE,OMGPR > OMGPR-C > OMGPR-PRC-OUTPUT-FIELDS > OMGPR-ERROR-FIELDS,X(76),DISPLAY,76,,N,310,385,SPACE,,string,Leaf,CONFIRMED,
119,15,OMGPR-PRODUCT-DATA,OMGPR > OMGPR-C > OMGPR-PRC-OUTPUT-FIELDS,,,,,,,,,,,Group,CONFIRMED,
120,20,OMGPR-C-VND-PROD-BASE-UM,OMGPR > OMGPR-C > OMGPR-PRC-OUTPUT-FIELDS > OMGPR-PRODUCT-DATA,X(2),DISPLAY,2,,N,386,387,SPACE,,string,Leaf,CONFIRMED,
121,20,OMGPR-A-VD-PRD-ALT-UMF,OMGPR > OMGPR-C > OMGPR-PRC-OUTPUT-FIELDS > OMGPR-PRODUCT-DATA,S9(6)V9(8),COMP-3,8,8,Y,388,395,ZERO,,decimal,Leaf,CONFIRMED,
122,20,OMGPR-S-PROD-CATEGORY,OMGPR > OMGPR-C > OMGPR-PRC-OUTPUT-FIELDS > OMGPR-PRODUCT-DATA,S9(8),COMP,4,,Y,396,399,ZERO,,int,Leaf,CONFIRMED,
123,20,OMGPR-C-INV-CLASS,OMGPR > OMGPR-C > OMGPR-PRC-OUTPUT-FIELDS > OMGPR-PRODUCT-DATA,X(1),DISPLAY,1,,N,400,400,SPACE,,string,Leaf,CONFIRMED,
124,20,OMGPR-C-CUSTOM-IND,OMGPR > OMGPR-C > OMGPR-PRC-OUTPUT-FIELDS > OMGPR-PRODUCT-DATA,X(01),DISPLAY,1,,N,401,401,SPACE,,string,Leaf,CONFIRMED,
125,20,OMGPR-C-PRIVATE-LBL,OMGPR > OMGPR-C > OMGPR-PRC-OUTPUT-FIELDS > OMGPR-PRODUCT-DATA,X(01),DISPLAY,1,,N,402,402,SPACE,,string,Leaf,CONFIRMED,
126,20,OMGPR-C-SUPPLIER-NAME,OMGPR > OMGPR-C > OMGPR-PRC-OUTPUT-FIELDS > OMGPR-PRODUCT-DATA,X(35),DISPLAY,35,,N,403,437,SPACE,,string,Leaf,CONFIRMED,
127,20,OMGPR-C-SUPPLIER-NUMBER,OMGPR > OMGPR-C > OMGPR-PRC-OUTPUT-FIELDS > OMGPR-PRODUCT-DATA,X(04),DISPLAY,4,,N,438,441,SPACE,,string,Leaf,CONFIRMED,
128,20,OMGPR-C-VND-PROD-DESC-1,OMGPR > OMGPR-C > OMGPR-PRC-OUTPUT-FIELDS > OMGPR-PRODUCT-DATA,X(35),DISPLAY,35,,N,442,476,SPACE,,string,Leaf,CONFIRMED,
129,20,OMGPR-C-VND-PROD-DESC-2,OMGPR > OMGPR-C > OMGPR-PRC-OUTPUT-FIELDS > OMGPR-PRODUCT-DATA,X(35),DISPLAY,35,,N,477,511,SPACE,,string,Leaf,CONFIRMED,
130,20,OMGPR-C-VND-CATALOG-NBR,OMGPR > OMGPR-C > OMGPR-PRC-OUTPUT-FIELDS > OMGPR-PRODUCT-DATA,X(12),DISPLAY,12,,N,512,523,SPACE,,string,Leaf,CONFIRMED,
131,15,OMGPR-COST-CONT-DATA,OMGPR > OMGPR-C > OMGPR-PRC-OUTPUT-FIELDS,,,,,,,,,,,Group,CONFIRMED,
132,20,OMGPR-I-CONTRACT,OMGPR > OMGPR-C > OMGPR-PRC-OUTPUT-FIELDS > OMGPR-COST-CONT-DATA,S9(8),COMP,4,,Y,524,527,ZERO,,int,Leaf,CONFIRMED,
133,20,OMGPR-C-CNT-ENTRY-METHOD,OMGPR > OMGPR-C > OMGPR-PRC-OUTPUT-FIELDS > OMGPR-COST-CONT-DATA,X(2),DISPLAY,2,,N,528,529,SPACE,OMGPR-CNT-ENTRY-COST-DISC='07'; OMGPR-CNT-ENTRY-FIXED-REB='06'; OMGPR-CNT-ENTRY-SS-BROKER='02'; OMGPR-CNT-ENTRY-SS-COST-D='05'; OMGPR-CNT-ENTRY-SS-COST-P='03'; OMGPR-CNT-ENTRY-SS-STATED='04'; OMGPR-CNT-ENTRY-STATED-CO='01',string,Leaf+88,CONFIRMED,
134,20,OMGPR-D-CNT-PROT-START,OMGPR > OMGPR-C > OMGPR-PRC-OUTPUT-FIELDS > OMGPR-COST-CONT-DATA,X(10),DISPLAY,10,,N,530,539,SPACE,,string,Leaf,CONFIRMED,
135,20,OMGPR-D-CNT-PROT-END,OMGPR > OMGPR-C > OMGPR-PRC-OUTPUT-FIELDS > OMGPR-COST-CONT-DATA,X(10),DISPLAY,10,,N,540,549,SPACE,,string,Leaf,CONFIRMED,
136,20,OMGPR-T-COMMENT,OMGPR > OMGPR-C > OMGPR-PRC-OUTPUT-FIELDS > OMGPR-COST-CONT-DATA,X(35),DISPLAY,35,,N,550,584,SPACE,,string,Leaf,CONFIRMED,
137,20,OMGPR-I-CNT-VEND,OMGPR > OMGPR-C > OMGPR-PRC-OUTPUT-FIELDS > OMGPR-COST-CONT-DATA,X(20),DISPLAY,20,,N,585,604,SPACE,,string,Leaf,CONFIRMED,
138,20,OMGPR-I-BUY-GROUP,OMGPR > OMGPR-C > OMGPR-PRC-OUTPUT-FIELDS > OMGPR-COST-CONT-DATA,S9(8),COMP,4,,Y,605,608,ZERO,,int,Leaf,CONFIRMED,
139,20,OMGPR-S-BG-MEMBER,OMGPR > OMGPR-C > OMGPR-PRC-OUTPUT-FIELDS > OMGPR-COST-CONT-DATA,S9(8),COMP,4,,Y,609,612,ZERO,,int,Leaf,CONFIRMED,
140,20,OMGPR-N-BUY-GROUP-SHORT,OMGPR > OMGPR-C > OMGPR-PRC-OUTPUT-FIELDS > OMGPR-COST-CONT-DATA,X(8),DISPLAY,8,,N,613,620,SPACE,,string,Leaf,CONFIRMED,
141,20,OMGPR-F-GRP-CNT-FEES,OMGPR > OMGPR-C > OMGPR-PRC-OUTPUT-FIELDS > OMGPR-COST-CONT-DATA,X(1),DISPLAY,1,,N,621,621,SPACE,,string,Leaf,CONFIRMED,
142,20,OMGPR-C-BG-TYPE,OMGPR > OMGPR-C > OMGPR-PRC-OUTPUT-FIELDS > OMGPR-COST-CONT-DATA,X(1),DISPLAY,1,,N,622,622,SPACE,,string,Leaf,CONFIRMED,
143,20,OMGPR-C-PROD-CATGRY,OMGPR > OMGPR-C > OMGPR-PRC-OUTPUT-FIELDS > OMGPR-COST-CONT-DATA,X(35),DISPLAY,35,,N,623,657,SPACE,,string,Leaf,CONFIRMED,
144,20,OMGPR-C-REPLACES-CNT,OMGPR > OMGPR-C > OMGPR-PRC-OUTPUT-FIELDS > OMGPR-COST-CONT-DATA,X(20),DISPLAY,20,,N,658,677,SPACE,,string,Leaf,CONFIRMED,
145,20,OMGPR-D-RCVD-DATE,OMGPR > OMGPR-C > OMGPR-PRC-OUTPUT-FIELDS > OMGPR-COST-CONT-DATA,X(10),DISPLAY,10,,N,678,687,SPACE,,string,Leaf,CONFIRMED,
146,20,OMGPR-C-EXPIRE-MSG,OMGPR > OMGPR-C > OMGPR-PRC-OUTPUT-FIELDS > OMGPR-COST-CONT-DATA,X(35),DISPLAY,35,,N,688,722,SPACE,,string,Leaf,CONFIRMED,
147,20,OMGPR-C-TIER,OMGPR > OMGPR-C > OMGPR-PRC-OUTPUT-FIELDS > OMGPR-COST-CONT-DATA,X(03),DISPLAY,3,,N,723,725,SPACE,,string,Leaf,CONFIRMED,
148,20,OMGPR-C-REPLACED-BY-CNT,OMGPR > OMGPR-C > OMGPR-PRC-OUTPUT-FIELDS > OMGPR-COST-CONT-DATA,X(20),DISPLAY,20,,N,726,745,SPACE,,string,Leaf,CONFIRMED,
149,20,OMGPR-I-RPT-GRP,OMGPR > OMGPR-C > OMGPR-PRC-OUTPUT-FIELDS > OMGPR-COST-CONT-DATA,S9(8),COMP,4,,Y,746,749,ZERO,,int,Leaf,CONFIRMED,
150,20,OMGPR-I-RPT-GRP-CNT,OMGPR > OMGPR-C > OMGPR-PRC-OUTPUT-FIELDS > OMGPR-COST-CONT-DATA,X(20),DISPLAY,20,,N,750,769,SPACE,,string,Leaf,CONFIRMED,
151,20,OMGPR-L-CNT-LINE,OMGPR > OMGPR-C > OMGPR-PRC-OUTPUT-FIELDS > OMGPR-COST-CONT-DATA,S9(7),COMP,4,,Y,770,773,ZERO,,int,Leaf,INFERRED,7-digit PIC S9(7) COMP: byte length shown uses mainframe fullword sizing (4 bytes). A native/minimal binary sizing convention (e.g. Micro Focus COMP) would give 3 bytes instead. Compiler/platform not confirmed from the copybook alone -- see data dictionary notes.
152,20,OMGPR-C-CNT-LN-UM,OMGPR > OMGPR-C > OMGPR-PRC-OUTPUT-FIELDS > OMGPR-COST-CONT-DATA,X(2),DISPLAY,2,,N,774,775,SPACE,,string,Leaf,CONFIRMED,
153,20,OMGPR-A-CNT-LN-UNIT-COST,OMGPR > OMGPR-C > OMGPR-PRC-OUTPUT-FIELDS > OMGPR-COST-CONT-DATA,S9(5)V9(8),COMP-3,7,8,Y,776,782,ZERO,,decimal,Leaf,CONFIRMED,
154,20,OMGPR-A-CNT-LN-SUGG-SELL,OMGPR > OMGPR-C > OMGPR-PRC-OUTPUT-FIELDS > OMGPR-COST-CONT-DATA,S9(5)V9(8),COMP-3,7,8,Y,783,789,ZERO,,decimal,Leaf,CONFIRMED,
155,20,OMGPR-P-CNT-LN-COST-PLUS,OMGPR > OMGPR-C > OMGPR-PRC-OUTPUT-FIELDS > OMGPR-COST-CONT-DATA,S9(1)V9(4),COMP-3,3,4,Y,790,792,ZERO,,decimal,Leaf,CONFIRMED,
156,20,OMGPR-P-CNT-LN-COST-DISC,OMGPR > OMGPR-C > OMGPR-PRC-OUTPUT-FIELDS > OMGPR-COST-CONT-DATA,S9(1)V9(4),COMP-3,3,4,Y,793,795,ZERO,,decimal,Leaf,CONFIRMED,
157,20,OMGPR-P-CNT-LN-BROKER,OMGPR > OMGPR-C > OMGPR-PRC-OUTPUT-FIELDS > OMGPR-COST-CONT-DATA,S9(1)V9(4),COMP-3,3,4,Y,796,798,ZERO,,decimal,Leaf,CONFIRMED,
158,20,OMGPR-P-CNT-LN-ACQ-MKD,OMGPR > OMGPR-C > OMGPR-PRC-OUTPUT-FIELDS > OMGPR-COST-CONT-DATA,S9(1)V9(4),COMP-3,3,4,Y,799,801,ZERO,,decimal,Leaf,CONFIRMED,
159,20,OMGPR-A-CNT-LN-PROT-ACQ,OMGPR > OMGPR-C > OMGPR-PRC-OUTPUT-FIELDS > OMGPR-COST-CONT-DATA,S9(5)V9(8),COMP-3,7,8,Y,802,808,ZERO,,decimal,Leaf,CONFIRMED,
160,20,OMGPR-A-CNT-LN-MAX-REBT,OMGPR > OMGPR-C > OMGPR-PRC-OUTPUT-FIELDS > OMGPR-COST-CONT-DATA,S9(5)V9(8),COMP-3,7,8,Y,809,815,ZERO,,decimal,Leaf,CONFIRMED,
161,20,OMGPR-C-CNT-TYPE,OMGPR > OMGPR-C > OMGPR-PRC-OUTPUT-FIELDS > OMGPR-COST-CONT-DATA,X(1),DISPLAY,1,,N,816,816,SPACE,,string,Leaf,CONFIRMED,
162,15,OMGPR-PRICE-LIST-DATA,OMGPR > OMGPR-C > OMGPR-PRC-OUTPUT-FIELDS,,,,,,,,,,,Group,CONFIRMED,
163,20,OMGPR-C-VND-PRC-LEVEL,OMGPR > OMGPR-C > OMGPR-PRC-OUTPUT-FIELDS > OMGPR-PRICE-LIST-DATA,X(2),DISPLAY,2,,N,817,818,SPACE,,string,Leaf,CONFIRMED,
164,20,OMGPR-D-VND-PRC-LIST-EFF,OMGPR > OMGPR-C > OMGPR-PRC-OUTPUT-FIELDS > OMGPR-PRICE-LIST-DATA,X(10),DISPLAY,10,,N,819,828,SPACE,,string,Leaf,CONFIRMED,
165,20,OMGPR-C-VND-PRC-UM,OMGPR > OMGPR-C > OMGPR-PRC-OUTPUT-FIELDS > OMGPR-PRICE-LIST-DATA,X(2),DISPLAY,2,,N,829,830,SPACE,,string,Leaf,CONFIRMED,
166,20,OMGPR-A-VND-PRC-DEALER,OMGPR > OMGPR-C > OMGPR-PRC-OUTPUT-FIELDS > OMGPR-PRICE-LIST-DATA,S9(7)V9(8),COMP-3,8,8,Y,831,838,ZERO,,decimal,Leaf,CONFIRMED,
167,20,OMGPR-A-VND-PRC-ACQ-COST,OMGPR > OMGPR-C > OMGPR-PRC-OUTPUT-FIELDS > OMGPR-PRICE-LIST-DATA,S9(7)V9(8),COMP-3,8,8,Y,839,846,ZERO,,decimal,Leaf,CONFIRMED,
168,20,OMGPR-A-VND-PRC-BEST-QTY,OMGPR > OMGPR-C > OMGPR-PRC-OUTPUT-FIELDS > OMGPR-PRICE-LIST-DATA,S9(7)V9(8),COMP-3,8,8,Y,847,854,ZERO,,decimal,Leaf,CONFIRMED,
169,20,OMGPR-A-VND-PRC-LST-HOSP,OMGPR > OMGPR-C > OMGPR-PRC-OUTPUT-FIELDS > OMGPR-PRICE-LIST-DATA,S9(7)V9(8),COMP-3,8,8,Y,855,862,ZERO,,decimal,Leaf,CONFIRMED,
170,20,OMGPR-A-VND-PRC-LST-DOC,OMGPR > OMGPR-C > OMGPR-PRC-OUTPUT-FIELDS > OMGPR-PRICE-LIST-DATA,S9(7)V9(8),COMP-3,8,8,Y,863,870,ZERO,,decimal,Leaf,CONFIRMED,
171,20,OMGPR-F-VEND-BST-CST-RBT,OMGPR > OMGPR-C > OMGPR-PRC-OUTPUT-FIELDS > OMGPR-PRICE-LIST-DATA,X(1),DISPLAY,1,,N,871,871,SPACE,,string,Leaf,CONFIRMED,
172,20,OMGPR-F-VEND-NET-CST-RBT,OMGPR > OMGPR-C > OMGPR-PRC-OUTPUT-FIELDS > OMGPR-PRICE-LIST-DATA,X(1),DISPLAY,1,,N,872,872,SPACE,,string,Leaf,CONFIRMED,
173,15,OMGPR-UNIT-REB-AMOUNT,OMGPR > OMGPR-C > OMGPR-PRC-OUTPUT-FIELDS,,,,,,,,,,,Group,CONFIRMED,
174,20,OMGPR-A-CUR-SELL-CST-DIF,OMGPR > OMGPR-C > OMGPR-PRC-OUTPUT-FIELDS > OMGPR-UNIT-REB-AMOUNT,S9(5)V9(4),COMP-3,5,4,Y,873,877,ZERO,,decimal,Leaf,CONFIRMED,
175,20,OMGPR-A-CUR-VND-DIST-REB,OMGPR > OMGPR-C > OMGPR-PRC-OUTPUT-FIELDS > OMGPR-UNIT-REB-AMOUNT,S9(5)V9(4),COMP-3,5,4,Y,878,882,ZERO,,decimal,Leaf,CONFIRMED,
176,20,OMGPR-A-CUR-TOTAL-REBATE,OMGPR > OMGPR-C > OMGPR-PRC-OUTPUT-FIELDS > OMGPR-UNIT-REB-AMOUNT,S9(5)V9(4),COMP-3,5,4,Y,883,887,ZERO,,decimal,Leaf,CONFIRMED,
177,20,OMGPR-A-CUR-ADD-DISC-REB,OMGPR > OMGPR-C > OMGPR-PRC-OUTPUT-FIELDS > OMGPR-UNIT-REB-AMOUNT,S9(5)V9(4),COMP-3,5,4,Y,888,892,ZERO,,decimal,Leaf,CONFIRMED,
178,20,OMGPR-A-CUR-PRICE-PROT,OMGPR > OMGPR-C > OMGPR-PRC-OUTPUT-FIELDS > OMGPR-UNIT-REB-AMOUNT,S9(5)V9(4),COMP-3,5,4,Y,893,897,ZERO,,decimal,Leaf,CONFIRMED,
179,20,OMGPR-A-CUR-CONT-REBATE,OMGPR > OMGPR-C > OMGPR-PRC-OUTPUT-FIELDS > OMGPR-UNIT-REB-AMOUNT,S9(5)V9(4),COMP-3,5,4,Y,898,902,ZERO,,decimal,Leaf,CONFIRMED,
180,20,OMGPR-A-REBATE-COST,OMGPR > OMGPR-C > OMGPR-PRC-OUTPUT-FIELDS > OMGPR-UNIT-REB-AMOUNT,S9(5)V9(4),COMP-3,5,4,Y,903,907,ZERO,,decimal,Leaf,CONFIRMED,
181,15,OMGPR-UNIT-SELL-AMT,OMGPR > OMGPR-C > OMGPR-PRC-OUTPUT-FIELDS,,,,,,,,,,,Group,CONFIRMED,
182,20,OMGPR-C-CUS-SELL-PRC-UOM,OMGPR > OMGPR-C > OMGPR-PRC-OUTPUT-FIELDS > OMGPR-UNIT-SELL-AMT,X(2),DISPLAY,2,,N,908,909,SPACE,,string,Leaf,CONFIRMED,
183,20,OMGPR-A-CUS-UOM-SELL-PRC,OMGPR > OMGPR-C > OMGPR-PRC-OUTPUT-FIELDS > OMGPR-UNIT-SELL-AMT,S9(5)V9(8),COMP-3,7,8,Y,910,916,ZERO,,decimal,Leaf,CONFIRMED,
184,20,OMGPR-A-TOTAL-COST,OMGPR > OMGPR-C > OMGPR-PRC-OUTPUT-FIELDS > OMGPR-UNIT-SELL-AMT,S9(5)V9(8),COMP-3,7,8,Y,917,923,ZERO,,decimal,Leaf,CONFIRMED,
185,20,OMGPR-A-TOTAL-SELL,OMGPR > OMGPR-C > OMGPR-PRC-OUTPUT-FIELDS > OMGPR-UNIT-SELL-AMT,S9(5)V9(8),COMP-3,7,8,Y,924,930,ZERO,,decimal,Leaf,CONFIRMED,
186,20,OMGPR-A-TOTAL-ADJ-COST,OMGPR > OMGPR-C > OMGPR-PRC-OUTPUT-FIELDS > OMGPR-UNIT-SELL-AMT,S9(5)V9(8),COMP-3,7,8,Y,931,937,ZERO,,decimal,Leaf,CONFIRMED,
187,20,OMGPR-A-TOTAL-ADJ-SELL,OMGPR > OMGPR-C > OMGPR-PRC-OUTPUT-FIELDS > OMGPR-UNIT-SELL-AMT,S9(5)V9(8),COMP-3,7,8,Y,938,944,ZERO,,decimal,Leaf,CONFIRMED,
188,15,OMGPR-SELL-ARR,OMGPR > OMGPR-C > OMGPR-PRC-OUTPUT-FIELDS,,,,,,,,,,,Group,CONFIRMED,
189,20,OMGPR-I-BAS-SELL,OMGPR > OMGPR-C > OMGPR-PRC-OUTPUT-FIELDS > OMGPR-SELL-ARR,S9(8),COMP,4,,Y,945,948,ZERO,,int,Leaf,CONFIRMED,
190,20,OMGPR-D-BAS-SELL-EFF,OMGPR > OMGPR-C > OMGPR-PRC-OUTPUT-FIELDS > OMGPR-SELL-ARR,X(10),DISPLAY,10,,N,949,958,SPACE,,string,Leaf,CONFIRMED,
191,20,OMGPR-PRICING-METHOD,OMGPR > OMGPR-C > OMGPR-PRC-OUTPUT-FIELDS > OMGPR-SELL-ARR,X(10),DISPLAY,10,,N,959,968,SPACE,,string,Leaf,CONFIRMED,
192,20,OMGPR-PRICING-PERCENTAGE,OMGPR > OMGPR-C > OMGPR-PRC-OUTPUT-FIELDS > OMGPR-SELL-ARR,9(1)V9(4),COMP-3,3,4,N,969,971,ZERO,,decimal,Leaf,CONFIRMED,
193,20,OMGPR-C-SELL-PRC-METHOD,OMGPR > OMGPR-C > OMGPR-PRC-OUTPUT-FIELDS > OMGPR-SELL-ARR,X(1),DISPLAY,1,,N,972,972,SPACE,,string,Leaf,CONFIRMED,
194,20,OMGPR-T-SELL-COMMENT,OMGPR > OMGPR-C > OMGPR-PRC-OUTPUT-FIELDS > OMGPR-SELL-ARR,X(35),DISPLAY,35,,N,973,1007,SPACE,,string,Leaf,CONFIRMED,
195,20,OMGPR-Q-PREF-TIER-LEVEL,OMGPR > OMGPR-C > OMGPR-PRC-OUTPUT-FIELDS > OMGPR-SELL-ARR,S9(4),COMP,2,,Y,1008,1009,ZERO,,int,Leaf,CONFIRMED,
196,20,OMGPR-C-SELL-TYPE,OMGPR > OMGPR-C > OMGPR-PRC-OUTPUT-FIELDS > OMGPR-SELL-ARR,X(1),DISPLAY,1,,N,1010,1010,SPACE,,string,Leaf,CONFIRMED,
197,20,OMGPR-C-SELL-LEVEL,OMGPR > OMGPR-C > OMGPR-PRC-OUTPUT-FIELDS > OMGPR-SELL-ARR,X(1),DISPLAY,1,,N,1011,1011,SPACE,,string,Leaf,CONFIRMED,
198,20,OMGPR-I-BUY-GROUP-SELL,OMGPR > OMGPR-C > OMGPR-PRC-OUTPUT-FIELDS > OMGPR-SELL-ARR,S9(8),COMP,4,,Y,1012,1015,ZERO,,int,Leaf,CONFIRMED,
199,20,OMGPR-S-BG-MEMBER-SELL,OMGPR > OMGPR-C > OMGPR-PRC-OUTPUT-FIELDS > OMGPR-SELL-ARR,S9(8),COMP,4,,Y,1016,1019,ZERO,,int,Leaf,CONFIRMED,
200,20,OMGPR-N-BUY-GROUP-SHORT-SELL,OMGPR > OMGPR-C > OMGPR-PRC-OUTPUT-FIELDS > OMGPR-SELL-ARR,X(8),DISPLAY,8,,N,1020,1027,SPACE,,string,Leaf,CONFIRMED,
201,20,OMGPR-C-BG-TYPE-SELL,OMGPR > OMGPR-C > OMGPR-PRC-OUTPUT-FIELDS > OMGPR-SELL-ARR,X(1),DISPLAY,1,,N,1028,1028,SPACE,,string,Leaf,CONFIRMED,
202,20,OMGPR-C-SELLGROUP-INFO,OMGPR > OMGPR-C > OMGPR-PRC-OUTPUT-FIELDS > OMGPR-SELL-ARR,X(19),DISPLAY,19,,N,1029,1047,SPACE,,string,Leaf,CONFIRMED,
203,15,OMGPR-COST-ADJUSTMENTS,OMGPR > OMGPR-C > OMGPR-PRC-OUTPUT-FIELDS,,,,,,,,,,,Group,CONFIRMED,
204,20,OMGPR-A-OVERHEAD-CHG,OMGPR > OMGPR-C > OMGPR-PRC-OUTPUT-FIELDS > OMGPR-COST-ADJUSTMENTS,S9(7)V9(8),COMP-3,8,8,Y,1048,1055,ZERO,,decimal,Leaf,CONFIRMED,
205,20,OMGPR-P-OVERHEAD-CHG,OMGPR > OMGPR-C > OMGPR-PRC-OUTPUT-FIELDS > OMGPR-COST-ADJUSTMENTS,S9(1)V9(4),COMP-3,3,4,Y,1056,1058,ZERO,,decimal,Leaf,CONFIRMED,
206,20,OMGPR-A-CUST-INV-CLASS-CT,OMGPR > OMGPR-C > OMGPR-PRC-OUTPUT-FIELDS > OMGPR-COST-ADJUSTMENTS,S9(7)V9(8),COMP-3,8,8,Y,1059,1066,ZERO,,decimal,Leaf,CONFIRMED,
207,20,OMGPR-P-CUST-INV-CLASS-CT,OMGPR > OMGPR-C > OMGPR-PRC-OUTPUT-FIELDS > OMGPR-COST-ADJUSTMENTS,S9(1)V9(4),COMP-3,3,4,Y,1067,1069,ZERO,,decimal,Leaf,CONFIRMED,
208,20,OMGPR-C-INV-CLASS-CT,OMGPR > OMGPR-C > OMGPR-PRC-OUTPUT-FIELDS > OMGPR-COST-ADJUSTMENTS,X(1),DISPLAY,1,,N,1070,1070,SPACE,,string,Leaf,CONFIRMED,
209,20,OMGPR-C-INFRT-TYPE,OMGPR > OMGPR-C > OMGPR-PRC-OUTPUT-FIELDS > OMGPR-COST-ADJUSTMENTS,X(1),DISPLAY,1,,N,1071,1071,SPACE,,string,Leaf,CONFIRMED,
210,20,OMGPR-I-BUY-GROUP-FRT,OMGPR > OMGPR-C > OMGPR-PRC-OUTPUT-FIELDS > OMGPR-COST-ADJUSTMENTS,S9(8),COMP,4,,Y,1072,1075,ZERO,,int,Leaf,CONFIRMED,
211,20,OMGPR-A-INFRT,OMGPR > OMGPR-C > OMGPR-PRC-OUTPUT-FIELDS > OMGPR-COST-ADJUSTMENTS,S9(7)V9(8),COMP-3,8,8,Y,1076,1083,ZERO,,decimal,Leaf,CONFIRMED,
212,20,OMGPR-P-INFRT-BG,OMGPR > OMGPR-C > OMGPR-PRC-OUTPUT-FIELDS > OMGPR-COST-ADJUSTMENTS,S9(1)V9(4),COMP-3,3,4,Y,1084,1086,ZERO,,decimal,Leaf,CONFIRMED,
213,15,OMGPR-SELL-ADJUSTMENTS,OMGPR > OMGPR-C > OMGPR-PRC-OUTPUT-FIELDS,,,,,,,,,,,Group,CONFIRMED,
214,20,OMGPR-A-CUST-INV-CLASS-SL,OMGPR > OMGPR-C > OMGPR-PRC-OUTPUT-FIELDS > OMGPR-SELL-ADJUSTMENTS,S9(7)V9(8),COMP-3,8,8,Y,1087,1094,ZERO,,decimal,Leaf,CONFIRMED,
215,20,OMGPR-P-CUST-INV-CLASS-SL,OMGPR > OMGPR-C > OMGPR-PRC-OUTPUT-FIELDS > OMGPR-SELL-ADJUSTMENTS,S9(1)V9(4),COMP-3,3,4,Y,1095,1097,ZERO,,decimal,Leaf,CONFIRMED,
216,20,OMGPR-C-INV-CLASS-SL,OMGPR > OMGPR-C > OMGPR-PRC-OUTPUT-FIELDS > OMGPR-SELL-ADJUSTMENTS,X(1),DISPLAY,1,,N,1098,1098,SPACE,,string,Leaf,CONFIRMED,
217,20,OMGPR-I-BUY-GROUP-CNT,OMGPR > OMGPR-C > OMGPR-PRC-OUTPUT-FIELDS > OMGPR-SELL-ADJUSTMENTS,S9(8),COMP,4,,Y,1099,1102,ZERO,,int,Leaf,CONFIRMED,
218,20,OMGPR-A-NONCONT-GRP,OMGPR > OMGPR-C > OMGPR-PRC-OUTPUT-FIELDS > OMGPR-SELL-ADJUSTMENTS,S9(7)V9(8),COMP-3,8,8,Y,1103,1110,ZERO,,decimal,Leaf,CONFIRMED,
219,20,OMGPR-P-NONCONT-GRP,OMGPR > OMGPR-C > OMGPR-PRC-OUTPUT-FIELDS > OMGPR-SELL-ADJUSTMENTS,S9(1)V9(4),COMP-3,3,4,Y,1111,1113,ZERO,,decimal,Leaf,CONFIRMED,
220,20,OMGPR-A-RISK-PREMIUM,OMGPR > OMGPR-C > OMGPR-PRC-OUTPUT-FIELDS > OMGPR-SELL-ADJUSTMENTS,S9(7)V9(8),COMP-3,8,8,Y,1114,1121,ZERO,,decimal,Leaf,CONFIRMED,
221,20,OMGPR-P-RISK-PREMIUM,OMGPR > OMGPR-C > OMGPR-PRC-OUTPUT-FIELDS > OMGPR-SELL-ADJUSTMENTS,S9(1)V9(4),COMP-3,3,4,Y,1122,1124,ZERO,,decimal,Leaf,CONFIRMED,
222,20,OMGPR-A-DELIVERY-ADJ,OMGPR > OMGPR-C > OMGPR-PRC-OUTPUT-FIELDS > OMGPR-SELL-ADJUSTMENTS,S9(7)V9(8),COMP-3,8,8,Y,1125,1132,ZERO,,decimal,Leaf,CONFIRMED,
223,20,OMGPR-P-DELIVERY-ADJ,OMGPR > OMGPR-C > OMGPR-PRC-OUTPUT-FIELDS > OMGPR-SELL-ADJUSTMENTS,S9(1)V9(4),COMP-3,3,4,Y,1133,1135,ZERO,,decimal,Leaf,CONFIRMED,
224,20,OMGPR-A-FINANCE-CHG,OMGPR > OMGPR-C > OMGPR-PRC-OUTPUT-FIELDS > OMGPR-SELL-ADJUSTMENTS,S9(7)V9(8),COMP-3,8,8,Y,1136,1143,ZERO,,decimal,Leaf,CONFIRMED,
225,20,OMGPR-P-FINANCE-CHG,OMGPR > OMGPR-C > OMGPR-PRC-OUTPUT-FIELDS > OMGPR-SELL-ADJUSTMENTS,S9(1)V9(4),COMP-3,3,4,Y,1144,1146,ZERO,,decimal,Leaf,CONFIRMED,
226,20,OMGPR-A-NONCONT-CUST,OMGPR > OMGPR-C > OMGPR-PRC-OUTPUT-FIELDS > OMGPR-SELL-ADJUSTMENTS,S9(7)V9(8),COMP-3,8,8,Y,1147,1154,ZERO,,decimal,Leaf,CONFIRMED,
227,20,OMGPR-P-NONCONT-CUST,OMGPR > OMGPR-C > OMGPR-PRC-OUTPUT-FIELDS > OMGPR-SELL-ADJUSTMENTS,S9(1)V9(4),COMP-3,3,4,Y,1155,1157,ZERO,,decimal,Leaf,CONFIRMED,
228,20,OMGPR-A-PREPAY-DEDUCTION,OMGPR > OMGPR-C > OMGPR-PRC-OUTPUT-FIELDS > OMGPR-SELL-ADJUSTMENTS,S9(7)V9(8),COMP-3,8,8,Y,1158,1165,ZERO,,decimal,Leaf,CONFIRMED,
229,20,OMGPR-P-PREPAY-DEDUCTION,OMGPR > OMGPR-C > OMGPR-PRC-OUTPUT-FIELDS > OMGPR-SELL-ADJUSTMENTS,S9(1)V9(4),COMP-3,3,4,Y,1166,1168,ZERO,,decimal,Leaf,CONFIRMED,
230,20,OMGPR-A-VOLUME-DISCOUNT,OMGPR > OMGPR-C > OMGPR-PRC-OUTPUT-FIELDS > OMGPR-SELL-ADJUSTMENTS,S9(7)V9(8),COMP-3,8,8,Y,1169,1176,ZERO,,decimal,Leaf,CONFIRMED,
231,20,OMGPR-P-VOLUME-DISCOUNT,OMGPR > OMGPR-C > OMGPR-PRC-OUTPUT-FIELDS > OMGPR-SELL-ADJUSTMENTS,S9(1)V9(4),COMP-3,3,4,Y,1177,1179,ZERO,,decimal,Leaf,CONFIRMED,
232,20,OMGPR-I-BUY-GROUP-VOL,OMGPR > OMGPR-C > OMGPR-PRC-OUTPUT-FIELDS > OMGPR-SELL-ADJUSTMENTS,S9(8),COMP,4,,Y,1180,1183,ZERO,,int,Leaf,CONFIRMED,
233,20,OMGPR-A-BG-VOL-DISC,OMGPR > OMGPR-C > OMGPR-PRC-OUTPUT-FIELDS > OMGPR-SELL-ADJUSTMENTS,S9(7)V9(8),COMP-3,8,8,Y,1184,1191,ZERO,,decimal,Leaf,CONFIRMED,
234,20,OMGPR-P-BG-VOL-DISC,OMGPR > OMGPR-C > OMGPR-PRC-OUTPUT-FIELDS > OMGPR-SELL-ADJUSTMENTS,S9(1)V9(4),COMP-3,3,4,Y,1192,1194,ZERO,,decimal,Leaf,CONFIRMED,
235,20,OMGPR-A-PANDAC,OMGPR > OMGPR-C > OMGPR-PRC-OUTPUT-FIELDS > OMGPR-SELL-ADJUSTMENTS,S9(7)V9(8),COMP-3,8,8,Y,1195,1202,ZERO,,decimal,Leaf,CONFIRMED,
236,20,OMGPR-P-PANDAC-ADJ,OMGPR > OMGPR-C > OMGPR-PRC-OUTPUT-FIELDS > OMGPR-SELL-ADJUSTMENTS,S9(1)V9(4),COMP-3,3,4,Y,1203,1205,ZERO,,decimal,Leaf,CONFIRMED,
237,15,OMGPR-JIT-ADJUSTMENTS,OMGPR > OMGPR-C > OMGPR-PRC-OUTPUT-FIELDS,,,,,,,,,,,Group,CONFIRMED,
238,20,OMGPR-A-JIT-SERVICE-FEE,OMGPR > OMGPR-C > OMGPR-PRC-OUTPUT-FIELDS > OMGPR-JIT-ADJUSTMENTS,S9(7)V9(8),COMP-3,8,8,Y,1206,1213,ZERO,,decimal,Leaf,CONFIRMED,
239,20,OMGPR-A-JIT-LABEL-FEE,OMGPR > OMGPR-C > OMGPR-PRC-OUTPUT-FIELDS > OMGPR-JIT-ADJUSTMENTS,S9(7)V9(8),COMP-3,8,8,Y,1214,1221,ZERO,,decimal,Leaf,CONFIRMED,
240,20,OMGPR-A-JIT-APPLY-FEE,OMGPR > OMGPR-C > OMGPR-PRC-OUTPUT-FIELDS > OMGPR-JIT-ADJUSTMENTS,S9(7)V9(8),COMP-3,8,8,Y,1222,1229,ZERO,,decimal,Leaf,CONFIRMED,
241,20,OMGPR-A-JIT-BREAK-FEE,OMGPR > OMGPR-C > OMGPR-PRC-OUTPUT-FIELDS > OMGPR-JIT-ADJUSTMENTS,S9(7)V9(8),COMP-3,8,8,Y,1230,1237,ZERO,,decimal,Leaf,CONFIRMED,
242,20,OMGPR-A-JIT-COST,OMGPR > OMGPR-C > OMGPR-PRC-OUTPUT-FIELDS > OMGPR-JIT-ADJUSTMENTS,S9(7)V9(8),COMP-3,8,8,Y,1238,1245,ZERO,,decimal,Leaf,CONFIRMED,
243,20,OMGPR-A-JIT-SELL,OMGPR > OMGPR-C > OMGPR-PRC-OUTPUT-FIELDS > OMGPR-JIT-ADJUSTMENTS,S9(7)V9(8),COMP-3,8,8,Y,1246,1253,ZERO,,decimal,Leaf,CONFIRMED,
244,15,OMGPR-ADDITIONAL-INFORMAT,OMGPR > OMGPR-C > OMGPR-PRC-OUTPUT-FIELDS,,,,,,,,,,,Group,CONFIRMED,
245,20,OMGPR-F-STOCK-ITEM,OMGPR > OMGPR-C > OMGPR-PRC-OUTPUT-FIELDS > OMGPR-ADDITIONAL-INFORMAT,X(1),DISPLAY,1,,N,1254,1254,SPACE,,string,Leaf,CONFIRMED,
246,20,OMGPR-D-EXPIRATION,OMGPR > OMGPR-C > OMGPR-PRC-OUTPUT-FIELDS > OMGPR-ADDITIONAL-INFORMAT,X(10),DISPLAY,10,,N,1255,1264,SPACE,,string,Leaf,CONFIRMED,
247,20,OMGPR-F-JIT-REMOVED,OMGPR > OMGPR-C > OMGPR-PRC-OUTPUT-FIELDS > OMGPR-ADDITIONAL-INFORMAT,X(1),DISPLAY,1,,N,1265,1265,SPACE,,string,Leaf,CONFIRMED,
248,20,OMGPR-I-GRP-CNT-NBR,OMGPR > OMGPR-C > OMGPR-PRC-OUTPUT-FIELDS > OMGPR-ADDITIONAL-INFORMAT,X(20),DISPLAY,20,,N,1266,1285,SPACE,,string,Leaf,CONFIRMED,
249,20,OMGPR-I-DIVISION-SELL,OMGPR > OMGPR-C > OMGPR-PRC-OUTPUT-FIELDS > OMGPR-ADDITIONAL-INFORMAT,X(2),DISPLAY,2,,N,1286,1287,SPACE,,string,Leaf,CONFIRMED,
250,20,OMGPR-A-CUS-UOM-SELL-PRC-UN,OMGPR > OMGPR-C > OMGPR-PRC-OUTPUT-FIELDS > OMGPR-ADDITIONAL-INFORMAT,S9(5)V9(8),COMP-3,7,8,Y,1288,1294,ZERO,,decimal,Leaf,CONFIRMED,
251,20,OMGPR-A-TOTAL-SELL-UN,OMGPR > OMGPR-C > OMGPR-PRC-OUTPUT-FIELDS > OMGPR-ADDITIONAL-INFORMAT,S9(5)V9(8),COMP-3,7,8,Y,1295,1301,ZERO,,decimal,Leaf,CONFIRMED,
252,20,OMGPR-I-DIVISION-COST,OMGPR > OMGPR-C > OMGPR-PRC-OUTPUT-FIELDS > OMGPR-ADDITIONAL-INFORMAT,X(2),DISPLAY,2,,N,1302,1303,SPACE,,string,Leaf,CONFIRMED,
253,20,OMGPR-F-JIT-EXEMPT,OMGPR > OMGPR-C > OMGPR-PRC-OUTPUT-FIELDS > OMGPR-ADDITIONAL-INFORMAT,X(1),DISPLAY,1,,N,1304,1304,SPACE,,string,Leaf,CONFIRMED,
254,20,OMGPR-F-FRT-EXEMPT,OMGPR > OMGPR-C > OMGPR-PRC-OUTPUT-FIELDS > OMGPR-ADDITIONAL-INFORMAT,X(1),DISPLAY,1,,N,1305,1305,SPACE,,string,Leaf,CONFIRMED,
255,20,OMGPR-Q-ERROR-NBR,OMGPR > OMGPR-C > OMGPR-PRC-OUTPUT-FIELDS > OMGPR-ADDITIONAL-INFORMAT,S9(4),COMP,2,,Y,1306,1307,ZERO,,int,Leaf,CONFIRMED,
256,20,OMGPR-Q-ERROR-CODE-X,OMGPR > OMGPR-C > OMGPR-PRC-OUTPUT-FIELDS > OMGPR-ADDITIONAL-INFORMAT,,,,,,,,,,,Group,CONFIRMED,
257,21,OMGPR-Q-ERROR-CODE,OMGPR > OMGPR-C > OMGPR-PRC-OUTPUT-FIELDS > OMGPR-ADDITIONAL-INFORMAT > OMGPR-Q-ERROR-CODE-X,9(3),DISPLAY,3,,N,1308,1310,ZERO,OMGPR-ACCT-NBR-MISSING=9; OMGPR-ACCT-NOT-FOUND=2; OMGPR-ACT-CUST-NOT-FOUND=3; OMGPR-BG-PRC-PARM-NOT-FND=41; OMGPR-DB2-FATAL-ERROR=70; OMGPR-DIV-NBR-MISSING=8; OMGPR-PRC-LIST-NOT-FOUND=4; OMGPR-PRC-METHOD-INVALID=40; OMGPR-PRICER-FATAL-ERROR=70 THRU 99; OMGPR-PRICER-MEDIUM-ERROR=40 THRU 69; OMGPR-PRICER-NO-ERROR=0; OMGPR-PRICER-WARN-ERROR=1 THRU 39; OMGPR-PROD-NBR-MISSING=11; OMGPR-PROD-NOT-FOUND=6; OMGPR-SHIP-TO-NOT-FOUND=5; OMGPR-UM-NOT-FOUND=1; OMGPR-VEND-NBR-MISSING=10; OMGPR-VENDOR-NOT-FOUND=7,int,Leaf+88,CONFIRMED,
258,20,OMGPR-F-PRICE-LOCKED,OMGPR > OMGPR-C > OMGPR-PRC-OUTPUT-FIELDS > OMGPR-ADDITIONAL-INFORMAT,X(1),DISPLAY,1,,N,1311,1311,SPACE,OMGPR-PRICE-LOCKED='Y'; OMGPR-PRICE-NOT-LOCKED='N',string,Leaf+88,CONFIRMED,
259,20,OMGPR-D-BG-TIER-START,OMGPR > OMGPR-C > OMGPR-PRC-OUTPUT-FIELDS > OMGPR-ADDITIONAL-INFORMAT,X(10),DISPLAY,10,,N,1312,1321,SPACE,,string,Leaf,CONFIRMED,
260,20,OMGPR-P-SURCHARGE,OMGPR > OMGPR-C > OMGPR-PRC-OUTPUT-FIELDS > OMGPR-ADDITIONAL-INFORMAT,S9(1)V9(4),COMP-3,3,4,Y,1322,1324,ZERO,,decimal,Leaf,CONFIRMED,
261,20,OMGPR-A-SURCHARGE,OMGPR > OMGPR-C > OMGPR-PRC-OUTPUT-FIELDS > OMGPR-ADDITIONAL-INFORMAT,S9(5)V9(8),COMP-3,7,8,Y,1325,1331,ZERO,,decimal,Leaf,CONFIRMED,
262,20,OMGPR-C-SURCHARGE,OMGPR > OMGPR-C > OMGPR-PRC-OUTPUT-FIELDS > OMGPR-ADDITIONAL-INFORMAT,X(2),DISPLAY,2,,N,1332,1333,SPACE,,string,Leaf,CONFIRMED,
263,20,OMGPR-C-VEND-VHA-PLUS,OMGPR > OMGPR-C > OMGPR-PRC-OUTPUT-FIELDS > OMGPR-ADDITIONAL-INFORMAT,X(1),DISPLAY,1,,N,1334,1334,SPACE,,string,Leaf,CONFIRMED,
264,20,OMGPR-Q-COST-PRIORITY,OMGPR > OMGPR-C > OMGPR-PRC-OUTPUT-FIELDS > OMGPR-ADDITIONAL-INFORMAT,S9(4),COMP,2,,Y,1335,1336,ZERO,,int,Leaf,CONFIRMED,
265,20,OMGPR-Q-SELL-PRIORITY,OMGPR > OMGPR-C > OMGPR-PRC-OUTPUT-FIELDS > OMGPR-ADDITIONAL-INFORMAT,S9(4),COMP,2,,Y,1337,1338,ZERO,,int,Leaf,CONFIRMED,
266,20,OMGPR-I-GRP-CONTROL-NBR,OMGPR > OMGPR-C > OMGPR-PRC-OUTPUT-FIELDS > OMGPR-ADDITIONAL-INFORMAT,X(20),DISPLAY,20,,N,1339,1358,SPACE,,string,Leaf,CONFIRMED,
267,20,OMGPR-P-VNDCOSTADJ,OMGPR > OMGPR-C > OMGPR-PRC-OUTPUT-FIELDS > OMGPR-ADDITIONAL-INFORMAT,S9(1)V9(4),COMP-3,3,4,Y,1359,1361,ZERO,,decimal,Leaf,CONFIRMED,
268,20,OMGPR-A-VNDCOSTADJ,OMGPR > OMGPR-C > OMGPR-PRC-OUTPUT-FIELDS > OMGPR-ADDITIONAL-INFORMAT,S9(5)V9(8),COMP-3,7,8,Y,1362,1368,ZERO,,decimal,Leaf,CONFIRMED,
269,20,OMGPR-C-VNDCOSTADJ,OMGPR > OMGPR-C > OMGPR-PRC-OUTPUT-FIELDS > OMGPR-ADDITIONAL-INFORMAT,X(2),DISPLAY,2,,N,1369,1370,SPACE,,string,Leaf,CONFIRMED,
270,20,OMGPR-F-CONT-EXCL-SW,OMGPR > OMGPR-C > OMGPR-PRC-OUTPUT-FIELDS > OMGPR-ADDITIONAL-INFORMAT,X(1),DISPLAY,1,,N,1371,1371,SPACE,OMGPR-CONTRACT-EXCLUDED='Y'; OMGPR-CONTRACT-NOT-EXCLUDED='N',string,Leaf+88,CONFIRMED,
271,20,OMGPR-C-SOURCE,OMGPR > OMGPR-C > OMGPR-PRC-OUTPUT-FIELDS > OMGPR-ADDITIONAL-INFORMAT,X(20),DISPLAY,20,,N,1372,1391,SPACE,,string,Leaf,CONFIRMED,
272,20,OMGPR-VND-JIT-BB-SW,OMGPR > OMGPR-C > OMGPR-PRC-OUTPUT-FIELDS > OMGPR-ADDITIONAL-INFORMAT,X(1),DISPLAY,1,,N,1392,1392,SPACE,OMGPR-VND-JIT-BB-FEE='B',string,Leaf+88,CONFIRMED,
273,20,OMGPR-VND-JIT-LB-SW,OMGPR > OMGPR-C > OMGPR-PRC-OUTPUT-FIELDS > OMGPR-ADDITIONAL-INFORMAT,X(1),DISPLAY,1,,N,1393,1393,SPACE,OMGPR-VND-JIT-LB-FEE='L',string,Leaf+88,CONFIRMED,
274,20,OMGPR-VND-JIT-AB-SW,OMGPR > OMGPR-C > OMGPR-PRC-OUTPUT-FIELDS > OMGPR-ADDITIONAL-INFORMAT,X(1),DISPLAY,1,,N,1394,1394,SPACE,OMGPR-VND-JIT-AL-FEE='A',string,Leaf+88,CONFIRMED,
275,20,OMGPR-VND-JIT-SF-SW,OMGPR > OMGPR-C > OMGPR-PRC-OUTPUT-FIELDS > OMGPR-ADDITIONAL-INFORMAT,X(1),DISPLAY,1,,N,1395,1395,SPACE,OMGPR-VND-JIT-SF-FEE='S',string,Leaf+88,CONFIRMED,
276,20,OMGPR-A-JIT-LUM-FEE,OMGPR > OMGPR-C > OMGPR-PRC-OUTPUT-FIELDS > OMGPR-ADDITIONAL-INFORMAT,S9(7)V9(8),COMP-3,8,8,Y,1396,1403,ZERO,,decimal,Leaf,CONFIRMED,
277,20,OMGPR-A-JIT-EXTRA-DELIV-FEE,OMGPR > OMGPR-C > OMGPR-PRC-OUTPUT-FIELDS > OMGPR-ADDITIONAL-INFORMAT,S9(7)V9(8),COMP-3,8,8,Y,1404,1411,ZERO,,decimal,Leaf,CONFIRMED,
278,20,OMGPR-A-JIT-NON-OM-SLCT-FEE,OMGPR > OMGPR-C > OMGPR-PRC-OUTPUT-FIELDS > OMGPR-ADDITIONAL-INFORMAT,S9(7)V9(8),COMP-3,8,8,Y,1412,1419,ZERO,,decimal,Leaf,CONFIRMED,
279,20,OMGPR-D-EFF-JIT-NON-OM-SLCT,OMGPR > OMGPR-C > OMGPR-PRC-OUTPUT-FIELDS > OMGPR-ADDITIONAL-INFORMAT,X(8),DISPLAY,8,,N,1420,1427,SPACE,,string,Leaf,CONFIRMED,
280,20,OMGPR-D-START-JIT-NON-OM-SLCT,OMGPR > OMGPR-C > OMGPR-PRC-OUTPUT-FIELDS > OMGPR-ADDITIONAL-INFORMAT,X(8),DISPLAY,8,,N,1428,1435,SPACE,,string,Leaf,CONFIRMED,
281,20,OMGPR-F-BREAK-BULK-OR-LUOM,OMGPR > OMGPR-C > OMGPR-PRC-OUTPUT-FIELDS > OMGPR-ADDITIONAL-INFORMAT,X(01),DISPLAY,1,,N,1436,1436,,OMGPR-F-BREAK-BULK-FEE='B'; OMGPR-F-LUOM-FEE='L',string,Leaf+88,CONFIRMED,
282,20,OMGPR-P-ACTUAL-BB-OR-LUOM-PCT,OMGPR > OMGPR-C > OMGPR-PRC-OUTPUT-FIELDS > OMGPR-ADDITIONAL-INFORMAT,S9(1)V9(4),COMP-3,3,4,Y,1437,1439,,,decimal,Leaf,CONFIRMED,
283,10,OMGPR-PARM-LENGTH,OMGPR > OMGPR-C,S9(4),DISPLAY,4,,Y,1440,1443,+1789,,int,Leaf,CONFIRMED,
284,10,OMGPR-NDP-CALLED-YN,OMGPR > OMGPR-C,X(1),DISPLAY,1,,N,1444,1444,SPACE,OMGPR-NDP-WAS-CALLED='Y',string,Leaf+88,CONFIRMED,
285,10,OMGPR-F-NEGATIVE-REBATE,OMGPR > OMGPR-C,X(1),DISPLAY,1,,N,1445,1445,SPACE,,string,Leaf,CONFIRMED,
286,10,OMGPR-F-CNT-PRIORITY,OMGPR > OMGPR-C,X(1),DISPLAY,1,,N,1446,1446,SPACE,,string,Leaf,CONFIRMED,
287,10,OMGPR-I-PARENT-VENDOR,OMGPR > OMGPR-C,X(4),DISPLAY,4,,N,1447,1450,SPACE,,string,Leaf,CONFIRMED,
288,10,OMGPR-F-NON-SANC-RATING,OMGPR > OMGPR-C,X(1),DISPLAY,1,,N,1451,1451,SPACE,,string,Leaf,CONFIRMED,
289,10,OMGPR-C-RATING-FLAG,OMGPR > OMGPR-C,X(2),DISPLAY,2,,N,1452,1453,SPACE,,string,Leaf,CONFIRMED,
290,10,OMGPR-HC-GROUP-ID,OMGPR > OMGPR-C,9(08),DISPLAY,8,,N,1454,1461,ZERO,,int,Leaf,CONFIRMED,
291,10,OMGPR-F-HC-COST-FLAG,OMGPR > OMGPR-C,X(01),DISPLAY,1,,N,1462,1462,SPACE,,string,Leaf,CONFIRMED,
292,10,OMGPR-F-HC-SELL-FLAG,OMGPR > OMGPR-C,X(01),DISPLAY,1,,N,1463,1463,SPACE,,string,Leaf,CONFIRMED,
293,10,OMGPR-D-HC-COST-EFF,OMGPR > OMGPR-C,X(10),DISPLAY,10,,N,1464,1473,SPACE,,string,Leaf,CONFIRMED,
294,10,OMGPR-D-HC-SELL-EFF,OMGPR > OMGPR-C,X(10),DISPLAY,10,,N,1474,1483,SPACE,,string,Leaf,CONFIRMED,
295,10,OMGPR-FULL-LUM-SVC-SW,OMGPR > OMGPR-C,X(01),DISPLAY,1,,N,1484,1484,SPACE,,string,Leaf,CONFIRMED,
296,10,OMGPR-SPCL-SRVC-CODE,OMGPR > OMGPR-C,X(3),DISPLAY,3,,N,1485,1487,SPACE,,string,Leaf,CONFIRMED,
297,10,OMGPR-A-PANDAC-PN,OMGPR > OMGPR-C,S9(7)V9(8),COMP-3,8,8,Y,1488,1495,0,,decimal,Leaf,CONFIRMED,
298,10,OMGPR-P-PANDAC-PN,OMGPR > OMGPR-C,S9(3)V9(4),COMP-3,4,4,Y,1496,1499,0,,decimal,Leaf,CONFIRMED,
299,10,OMGPR-FEE-SHRT-CODE-PN,OMGPR > OMGPR-C,X(02),DISPLAY,2,,N,1500,1501,SPACE,,string,Leaf,CONFIRMED,
300,10,OMGPR-SKU-CODE-PN,OMGPR > OMGPR-C,X(04),DISPLAY,4,,N,1502,1505,SPACE,,string,Leaf,CONFIRMED,
301,10,OMGPR-BILLING-FRQ-PN,OMGPR > OMGPR-C,X(02),DISPLAY,2,,N,1506,1507,SPACE,OMGPR-DAILY-BILL-PN='DL'; OMGPR-DAILY-BILL-SEP-PN='DS'; OMGPR-MONTHLY-AUTO-BILL-PN='MA'; OMGPR-MONTHLY-MANUAL-BILL-PN='MM',string,Leaf+88,CONFIRMED,
302,10,OMGPR-FEE-TYPE-PN,OMGPR > OMGPR-C,X(01),DISPLAY,1,,N,1508,1508,SPACE,OMGPR-FEE-PER-LINE-PN='L'; OMGPR-FEE-PER-QTY-PN='Q'; OMGPR-FEE-PER-ORDER-PN='O'; OMGPR-FEE-PCT-SELL-PN='P'; OMGPR-FEE-PCT-COST-PN='C',string,Leaf+88,CONFIRMED,
303,10,OMGPR-A-SURGITRAK-FEE,OMGPR > OMGPR-C,S9(7)V9(8),COMP-3,8,8,Y,1509,1516,0,,decimal,Leaf,CONFIRMED,
304,10,OMGPR-A-MKP-GRP-SAN-GS,OMGPR > OMGPR-C,S9(7)V9(8),COMP-3,8,8,Y,1517,1524,0,,decimal,Leaf,CONFIRMED,
305,10,OMGPR-A-MKP-GRP-NSC-GN,OMGPR > OMGPR-C,S9(7)V9(8),COMP-3,8,8,Y,1525,1532,0,,decimal,Leaf,CONFIRMED,
306,10,OMGPR-A-MKP-IND-MI,OMGPR > OMGPR-C,S9(7)V9(8),COMP-3,8,8,Y,1533,1540,0,,decimal,Leaf,CONFIRMED,
307,10,OMGPR-A-MKP-NON-CON-MN,OMGPR > OMGPR-C,S9(7)V9(8),COMP-3,8,8,Y,1541,1548,0,,decimal,Leaf,CONFIRMED,
308,10,OMGPR-A-MKP-CUS-MC,OMGPR > OMGPR-C,S9(7)V9(8),COMP-3,8,8,Y,1549,1556,0,,decimal,Leaf,CONFIRMED,
309,10,OMGPR-FILLER,OMGPR > OMGPR-C,X(217),DISPLAY,217,,N,1557,1773,,,string,Leaf,CONFIRMED,Reserved/unused space; not consumed by any program logic in upload/.
